step_of_year,day_of_year,hour_of_day,time_step_hours,T_mean_C,T_max_C,RH_mean_pct,GHI_mean_Wm2,weather_native_resolution
1,1,0.0,24.0,12.851723466326305,17.43572982383011,58.322295813503146,370.96304354999637,daily_expanded_diurnal
2,2,0.0,24.0,11.757578309121298,16.236706506376372,56.86184187018193,347.978487192087,daily_expanded_diurnal
3,3,0.0,24.0,12.76102412458429,17.419806553554857,58.15221193116079,372.0104487653622,daily_expanded_diurnal
4,4,0.0,24.0,12.841355909886914,18.29225239267413,57.118239900117,341.4195536480217,daily_expanded_diurnal
5,5,0.0,24.0,13.034207337190544,17.650654296858946,57.7325396542407,359.7570400314076,daily_expanded_diurnal
6,6,0.0,24.0,12.801455378900219,17.52908356113864,58.21581367789815,359.81432716443743,daily_expanded_diurnal
7,7,0.0,24.0,12.726327442262065,17.585474022066773,56.63317615216918,372.3622006287298,daily_expanded_diurnal
8,8,0.0,24.0,13.195998818953711,18.368327220156864,59.652474503192465,359.0723063728876,daily_expanded_diurnal
9,9,0.0,24.0,12.785174113987173,17.459665022688025,56.404613487014714,391.92606566278357,daily_expanded_diurnal
10,10,0.0,24.0,13.038491211766237,17.702428620981223,53.33007960541452,384.50305544085563,daily_expanded_diurnal
11,11,0.0,24.0,13.52375193338895,18.741013640711028,53.457379443267364,378.2774139156342,daily_expanded_diurnal
12,12,0.0,24.0,13.269601315120653,18.357076753812258,56.34363915259171,380.24733533735235,daily_expanded_diurnal
13,13,0.0,24.0,13.612304887867944,18.639336515663498,54.994484645772296,390.5405162971944,daily_expanded_diurnal
14,14,0.0,24.0,12.608297774848443,17.480429288305526,53.294100986274984,367.2744542599713,daily_expanded_diurnal
15,15,0.0,24.0,13.265751047516469,18.863727572010227,52.3249744573162,401.55261145497485,daily_expanded_diurnal
16,16,0.0,24.0,12.63073299605616,17.49677898406185,54.20717596748107,396.04413965550174,daily_expanded_diurnal
17,17,0.0,24.0,13.899005700406155,19.216344594486127,53.012547442522994,377.20276337667735,daily_expanded_diurnal
18,18,0.0,24.0,14.04596259433039,18.969440864377745,50.990298161466015,365.9114608860007,daily_expanded_diurnal
19,19,0.0,24.0,13.233166664432824,18.432030962054327,53.661590851635516,404.5114603159846,daily_expanded_diurnal
20,20,0.0,24.0,13.557498052349507,18.620913928780194,54.46643296175395,386.63635525096464,daily_expanded_diurnal
21,21,0.0,24.0,14.080033795030955,18.815263418604296,52.331149350130616,387.306888551424,daily_expanded_diurnal
22,22,0.0,24.0,13.336514526495176,18.53130351880941,51.96399612478038,397.3065598353648,daily_expanded_diurnal
23,23,0.0,24.0,14.259837692160684,19.43845016257266,54.082699446256825,397.1985127582056,daily_expanded_diurnal
24,24,0.0,24.0,13.895061864256196,18.863174579893634,49.230018151225295,372.3338755186931,daily_expanded_diurnal
25,25,0.0,24.0,13.53479866275655,18.135899931715958,53.26066626216732,385.2706477527478,daily_expanded_diurnal
26,26,0.0,24.0,14.098668929408218,19.618360248522645,51.608736197581194,420.2306896203831,daily_expanded_diurnal
27,27,0.0,24.0,13.914680249184066,18.832505226037014,50.28512334393144,400.7957560396418,daily_expanded_diurnal
28,28,0.0,24.0,14.89749140909172,19.20656323981478,52.921715366343044,414.4229035481331,daily_expanded_diurnal
29,29,0.0,24.0,14.278191580196165,18.69976843844078,52.06866423478791,401.1656909389579,daily_expanded_diurnal
30,30,0.0,24.0,14.79158582937029,19.80032668757967,55.003374723038796,409.0512112295863,daily_expanded_diurnal
31,31,0.0,24.0,14.26550246442007,19.337212718402597,52.11913352850113,443.10012468681055,daily_expanded_diurnal
32,32,0.0,24.0,15.29880241628142,20.441550839941222,54.48901642141549,394.21427829706937,daily_expanded_diurnal
33,33,0.0,24.0,14.667327888961914,19.296697512399703,50.6700433588182,392.5239458486779,daily_expanded_diurnal
34,34,0.0,24.0,15.412665872871232,20.32377679403172,48.39931795958144,401.8090265960014,daily_expanded_diurnal
35,35,0.0,24.0,15.361631980260274,20.696882607418026,55.229707392492664,482.4554541385192,daily_expanded_diurnal
36,36,0.0,24.0,15.523729811624994,20.12791456361225,46.87154660564098,431.584535410949,daily_expanded_diurnal
37,37,0.0,24.0,15.023536882848328,19.85739397877645,49.81494743631069,425.4609425056289,daily_expanded_diurnal
38,38,0.0,24.0,16.078278551213316,21.141097978191453,50.629510131491145,409.6043403665749,daily_expanded_diurnal
39,39,0.0,24.0,14.824992478332987,19.630469314703657,50.75101774750705,467.7107188277302,daily_expanded_diurnal
40,40,0.0,24.0,15.846246552724846,21.23934235713407,49.77598510273912,410.68184957018786,daily_expanded_diurnal
41,41,0.0,24.0,15.419020882916007,20.128930457101706,54.951724515413645,419.9753445831956,daily_expanded_diurnal
42,42,0.0,24.0,16.442952770832036,21.081781899597225,52.482378770939036,446.11804986621013,daily_expanded_diurnal
43,43,0.0,24.0,16.069140868524084,21.05283585806991,49.23836638067898,449.3498767120835,daily_expanded_diurnal
44,44,0.0,24.0,16.045305798745403,20.555063493238503,47.9250581059998,445.8828940771107,daily_expanded_diurnal
45,45,0.0,24.0,17.189229821585158,22.253226467014535,50.18095039834432,450.14351409304203,daily_expanded_diurnal
46,46,0.0,24.0,17.181083052344835,22.26883605289038,49.537987278847,468.54162576209956,daily_expanded_diurnal
47,47,0.0,24.0,16.87233167538611,22.486634072184508,50.672263499761456,423.9081885297067,daily_expanded_diurnal
48,48,0.0,24.0,16.105179934087214,21.765551106979714,53.70343316186686,446.78161303584125,daily_expanded_diurnal
49,49,0.0,24.0,16.73036784476307,22.31494556165995,47.99668638645557,434.4444493247888,daily_expanded_diurnal
50,50,0.0,24.0,17.37768344590473,22.219841396760895,50.159592413074755,451.0295426825889,daily_expanded_diurnal
51,51,0.0,24.0,17.36018271335737,22.92317545788286,50.31445885390167,469.1288608579256,daily_expanded_diurnal
52,52,0.0,24.0,16.30296151135883,21.283474150586784,48.41468672040304,433.81763692913523,daily_expanded_diurnal
53,53,0.0,24.0,17.026859740871927,21.893210364591603,51.90522541820156,433.6018417328325,daily_expanded_diurnal
54,54,0.0,24.0,17.620335413343327,22.426667640009896,49.39477028496352,482.1124919411948,daily_expanded_diurnal
55,55,0.0,24.0,18.01431529499111,23.54927453796821,49.72223122851931,450.05782114370066,daily_expanded_diurnal
56,56,0.0,24.0,17.774678688705993,22.87167740521448,50.36995098313192,444.1998062810454,daily_expanded_diurnal
57,57,0.0,24.0,18.074274234621473,23.165565566677035,55.041753864757474,505.32676914409933,daily_expanded_diurnal
58,58,0.0,24.0,17.745857438704533,22.630904094084862,47.074366116504926,457.8693197496774,daily_expanded_diurnal
59,59,0.0,24.0,18.474717402207826,23.95705885056312,48.54197122846993,458.4852479758166,daily_expanded_diurnal
60,60,0.0,24.0,17.388649388783655,22.323583020565692,47.87864364658251,462.8550989926728,daily_expanded_diurnal
61,61,0.0,24.0,18.170142655684923,23.1324376339839,46.49579304869148,445.96954845362404,daily_expanded_diurnal
62,62,0.0,24.0,19.820332534107546,24.305363501597935,47.829897525757254,513.9060065294524,daily_expanded_diurnal
63,63,0.0,24.0,20.35619168869472,24.887565037164585,49.303627489801606,485.8467087727734,daily_expanded_diurnal
64,64,0.0,24.0,19.916725404395848,24.52198257302455,49.57065936590809,496.4006533626225,daily_expanded_diurnal
65,65,0.0,24.0,19.419203381187625,24.268740952695584,49.81908546755864,455.18459587308365,daily_expanded_diurnal
66,66,0.0,24.0,19.232858233959117,24.126303237955536,50.58100663798353,473.3947485081946,daily_expanded_diurnal
67,67,0.0,24.0,19.73847564423508,25.143561971363013,50.461871229026634,493.3452378031468,daily_expanded_diurnal
68,68,0.0,24.0,19.680637174971363,24.680670932207928,48.746642297004506,494.43871352537104,daily_expanded_diurnal
69,69,0.0,24.0,19.757316312204058,25.594583635776296,53.3796025536691,497.6142466536742,daily_expanded_diurnal
70,70,0.0,24.0,19.57683309751932,24.13186850872595,52.662688852103585,496.93042357572216,daily_expanded_diurnal
71,71,0.0,24.0,20.351292315717274,24.653457920927597,52.187151840531506,502.5314737403684,daily_expanded_diurnal
72,72,0.0,24.0,19.709275708773376,24.520665785793398,50.91592758112673,496.2494043305751,daily_expanded_diurnal
73,73,0.0,24.0,20.27204200300405,25.230646695777665,49.94508641581363,499.99756331516767,daily_expanded_diurnal
74,74,0.0,24.0,21.307830709469666,25.281167333097148,50.04020040615781,502.2119201676398,daily_expanded_diurnal
75,75,0.0,24.0,20.87431380620653,25.725547973678015,47.06960967695832,506.96592548051285,daily_expanded_diurnal
76,76,0.0,24.0,21.744453265861214,26.130908703894757,52.384133628517795,495.5487130663236,daily_expanded_diurnal
77,77,0.0,24.0,21.004760822076292,25.583601417794714,50.06523991086094,529.8220418848111,daily_expanded_diurnal
78,78,0.0,24.0,21.481533116389144,27.17445775855312,53.17087796654825,514.2934206888084,daily_expanded_diurnal
79,79,0.0,24.0,22.217047057681384,27.392644321176704,52.55813548446569,501.25928457826444,daily_expanded_diurnal
80,80,0.0,24.0,21.533272907929604,26.254303378609492,52.97160943684583,485.29200276024704,daily_expanded_diurnal
81,81,0.0,24.0,22.04609537661134,26.99565498784303,53.429368933246685,525.5310580837661,daily_expanded_diurnal
82,82,0.0,24.0,22.72011758342811,28.064059877317685,48.04135017294399,510.8183268007814,daily_expanded_diurnal
83,83,0.0,24.0,21.378573408711873,26.248690972600244,54.31053704377344,526.5397655202253,daily_expanded_diurnal
84,84,0.0,24.0,21.769756626931503,26.46747332055882,51.46035699371298,491.0774515729471,daily_expanded_diurnal
85,85,0.0,24.0,21.93811304993873,27.191864036665393,53.81616102742974,529.1911954978722,daily_expanded_diurnal
86,86,0.0,24.0,21.282270522727863,26.55866976051112,51.76434694957192,526.8887104156902,daily_expanded_diurnal
87,87,0.0,24.0,23.389977244919777,27.744994001546907,50.55678050046734,532.0114788251211,daily_expanded_diurnal
88,88,0.0,24.0,21.944711749292413,27.741009526683715,52.598337648237674,538.6948715227848,daily_expanded_diurnal
89,89,0.0,24.0,22.603307555217633,28.16027626220054,54.12509779103413,527.9778671244877,daily_expanded_diurnal
90,90,0.0,24.0,23.158838743982646,28.523915755967554,50.39185009638419,521.9140081581047,daily_expanded_diurnal
91,91,0.0,24.0,23.117779122363018,28.55347673286928,54.25239212090767,505.22518088722626,daily_expanded_diurnal
92,92,0.0,24.0,23.283435983657785,29.183674952524303,50.9035474578577,511.46915522463723,daily_expanded_diurnal
93,93,0.0,24.0,23.598446712953084,29.26908305865346,52.5552927156342,555.9984402277303,daily_expanded_diurnal
94,94,0.0,24.0,24.076451885336816,29.771189061101765,53.786084703111975,577.4640715808998,daily_expanded_diurnal
95,95,0.0,24.0,23.695598811612662,28.277219837460336,56.03542283792387,523.2353999024854,daily_expanded_diurnal
96,96,0.0,24.0,24.001563639978464,29.933321150223833,49.775064595262,508.82131145887354,daily_expanded_diurnal
97,97,0.0,24.0,23.295702927366055,28.4107720606768,54.01508836068233,545.7892595684044,daily_expanded_diurnal
98,98,0.0,24.0,24.382428111570878,29.274703594998368,48.67535536067308,537.8300936319465,daily_expanded_diurnal
99,99,0.0,24.0,24.155538938412114,29.821197739637306,54.86268484918347,540.9315355241756,daily_expanded_diurnal
100,100,0.0,24.0,24.917772639034947,30.515741538072145,54.6855422840245,525.482986862243,daily_expanded_diurnal
101,101,0.0,24.0,24.593279392671615,30.202504014598954,55.43647563538651,533.0973297531442,daily_expanded_diurnal
102,102,0.0,24.0,25.08810451388211,30.53635581145197,53.733660320883956,558.944087561466,daily_expanded_diurnal
103,103,0.0,24.0,23.974440470665385,29.03434664880089,51.18096863067568,497.04868794479404,daily_expanded_diurnal
104,104,0.0,24.0,24.77425968277617,30.676265226476225,53.75538253300823,549.0297644065308,daily_expanded_diurnal
105,105,0.0,24.0,25.79935117186625,31.956216028691802,54.36984922477301,573.4841815610666,daily_expanded_diurnal
106,106,0.0,24.0,25.441043662170937,30.755247761465597,53.50540778724753,518.125683937894,daily_expanded_diurnal
107,107,0.0,24.0,25.089997148796872,30.619134486177717,56.49051575626302,583.4611125689736,daily_expanded_diurnal
108,108,0.0,24.0,24.980861680437137,30.83331807409538,52.99439284805076,559.8342138129331,daily_expanded_diurnal
109,109,0.0,24.0,25.74306123569823,30.728799665532904,57.12715056761225,539.5199723240615,daily_expanded_diurnal
110,110,0.0,24.0,25.677029832253016,30.989792192977106,54.159948933272226,561.4425735657386,daily_expanded_diurnal
111,111,0.0,24.0,25.983416324200736,31.877887540891887,56.39314248124467,580.5477459720423,daily_expanded_diurnal
112,112,0.0,24.0,26.039347390857763,31.233727675167795,58.007291781417074,548.7393748836585,daily_expanded_diurnal
113,113,0.0,24.0,26.899342766133383,32.85970136871382,55.81682463518187,563.5640675619032,daily_expanded_diurnal
114,114,0.0,24.0,27.447424098571727,34.10686927994466,56.42675816845855,560.9964684577935,daily_expanded_diurnal
115,115,0.0,24.0,27.138435885353253,32.65022410668299,57.16561440086975,558.464112895582,daily_expanded_diurnal
116,116,0.0,24.0,26.884156566812983,32.42200945461392,53.534335315867764,518.6949326887938,daily_expanded_diurnal
117,117,0.0,24.0,26.293848126152067,32.00246804261748,56.34353925362798,600.0568875868561,daily_expanded_diurnal
118,118,0.0,24.0,27.529288515989784,33.05716737462582,57.84418279441866,554.3127081548754,daily_expanded_diurnal
119,119,0.0,24.0,26.95623881694776,32.96343919937521,58.60827807616922,556.7953727597765,daily_expanded_diurnal
120,120,0.0,24.0,27.750816474378777,33.24718963525709,57.60604487232488,616.6444641008674,daily_expanded_diurnal
121,121,0.0,24.0,27.44920592062747,33.99543606482241,58.002032754609594,577.4010739190738,daily_expanded_diurnal
122,122,0.0,24.0,27.42631996698416,33.350608861881895,56.487781143006394,575.4701158615502,daily_expanded_diurnal
123,123,0.0,24.0,27.144223974903625,33.42212349767841,60.44713388278566,575.2572078220751,daily_expanded_diurnal
124,124,0.0,24.0,27.540350538235156,33.75251592079414,57.891020000650705,587.6838687953638,daily_expanded_diurnal
125,125,0.0,24.0,26.87942190135726,32.79436644468728,54.76047197056725,540.1018343888398,daily_expanded_diurnal
126,126,0.0,24.0,28.58684071544293,35.01239964165427,57.53871969534082,540.966808365023,daily_expanded_diurnal
127,127,0.0,24.0,26.530531925742388,32.3985997800132,64.05587893084069,580.7120160866463,daily_expanded_diurnal
128,128,0.0,24.0,27.838967063651125,34.128124681897226,56.33221515065102,567.0488693609344,daily_expanded_diurnal
129,129,0.0,24.0,28.272487525776867,34.35850539659328,61.27647041073459,580.8527272084483,daily_expanded_diurnal
130,130,0.0,24.0,28.65891528536106,34.5210250851866,61.732787322909395,607.4864563655407,daily_expanded_diurnal
131,131,0.0,24.0,27.939658682129732,33.738702660169814,62.852523747255,572.0120708472698,daily_expanded_diurnal
132,132,0.0,24.0,29.224573355670255,35.21800284751955,63.336272782697094,579.383169536768,daily_expanded_diurnal
133,133,0.0,24.0,28.747625322472345,35.55993101627547,59.94922255190252,558.8287156050549,daily_expanded_diurnal
134,134,0.0,24.0,28.487967689557912,34.87094290207718,57.78910949262738,591.2814150993559,daily_expanded_diurnal
135,135,0.0,24.0,28.53446587225738,35.21089952506184,56.381179963456255,563.6645910127651,daily_expanded_diurnal
136,136,0.0,24.0,28.050054904104677,33.95177794751272,61.91524031212863,576.6582894201636,daily_expanded_diurnal
137,137,0.0,24.0,28.85384685281826,35.036928843814955,62.0779537861774,560.9019597094111,daily_expanded_diurnal
138,138,0.0,24.0,29.41899047115983,35.94498446776574,62.69350837728291,593.0160897498245,daily_expanded_diurnal
139,139,0.0,24.0,29.29656282415208,36.38531778253579,62.00241101024632,576.5393183928034,daily_expanded_diurnal
140,140,0.0,24.0,28.85211183430354,34.72735270348611,59.94165926207569,565.6833609411129,daily_expanded_diurnal
141,141,0.0,24.0,29.271767001740333,35.70666958523381,62.78765180714011,568.9096310252636,daily_expanded_diurnal
142,142,0.0,24.0,29.83311762830817,36.442720254944916,62.62152180345699,571.9056915921797,daily_expanded_diurnal
143,143,0.0,24.0,29.730821549905173,36.13211224981466,60.30062480767961,584.3306807279171,daily_expanded_diurnal
144,144,0.0,24.0,29.658850024173127,35.63694412926735,63.83316132396336,557.3026471516298,daily_expanded_diurnal
145,145,0.0,24.0,30.264770876876277,37.11339717537841,63.205493350332375,594.3594817598243,daily_expanded_diurnal
146,146,0.0,24.0,28.458163332323785,34.35614498742161,63.380405757660945,566.3214686452511,daily_expanded_diurnal
147,147,0.0,24.0,30.08435013498333,37.25446072956053,61.872475552792594,571.6709810759075,daily_expanded_diurnal
148,148,0.0,24.0,29.90646577360468,36.932369164579484,62.038927200579,594.0394290941152,daily_expanded_diurnal
149,149,0.0,24.0,30.758524577619326,36.48913344371642,62.17966124397082,581.2073221176073,daily_expanded_diurnal
150,150,0.0,24.0,29.644240852978623,36.37003721131447,65.48331943964168,554.7832047752327,daily_expanded_diurnal
151,151,0.0,24.0,30.216409722927466,36.39517825489805,67.80709477622,578.3158864122988,daily_expanded_diurnal
152,152,0.0,24.0,29.692059845293162,36.32690707075569,67.04217713901507,600.3969716924378,daily_expanded_diurnal
153,153,0.0,24.0,29.216709987963977,35.85850853837801,63.705678905000006,596.6899679877813,daily_expanded_diurnal
154,154,0.0,24.0,29.394246221627622,36.00712732053271,64.41883859342005,566.8632874576664,daily_expanded_diurnal
155,155,0.0,24.0,30.507078123091905,37.04543060757105,65.0615183782759,622.0531261376866,daily_expanded_diurnal
156,156,0.0,24.0,29.971333228108822,36.43278620417947,67.08435235706872,581.1317951105328,daily_expanded_diurnal
157,157,0.0,24.0,30.46614344336353,36.707858387274904,65.97984402905786,621.2554904541589,daily_expanded_diurnal
158,158,0.0,24.0,29.746611070295568,35.24264962068241,70.28105557172276,645.4486444285542,daily_expanded_diurnal
159,159,0.0,24.0,30.098000440826244,35.79003773683665,66.69366435757233,589.1789639145591,daily_expanded_diurnal
160,160,0.0,24.0,30.236796311933357,36.263400800572036,68.72851944767513,605.8167650736241,daily_expanded_diurnal
161,161,0.0,24.0,29.613061540859178,36.36945095866527,71.92877061154044,599.1708446437368,daily_expanded_diurnal
162,162,0.0,24.0,30.21748240051162,36.64170527833959,69.30708103196642,561.5050220778787,daily_expanded_diurnal
163,163,0.0,24.0,30.491587807274826,36.82030097012073,72.02447272097457,593.0035828148584,daily_expanded_diurnal
164,164,0.0,24.0,31.26394369032115,37.31078072533524,69.75460982369484,603.2253658743211,daily_expanded_diurnal
165,165,0.0,24.0,30.013437538113173,36.57572284430888,71.25533710040601,590.693563472353,daily_expanded_diurnal
166,166,0.0,24.0,29.61728964073973,36.10414300436952,67.27452617342657,590.6363049985606,daily_expanded_diurnal
167,167,0.0,24.0,30.435130873130838,36.248857446386864,66.0959198145678,607.4198527088741,daily_expanded_diurnal
168,168,0.0,24.0,30.224559442315236,35.69631483732036,71.1435064430606,603.5029474599679,daily_expanded_diurnal
169,169,0.0,24.0,30.13631268913891,36.10845562157514,71.49066071801414,605.3012247680622,daily_expanded_diurnal
170,170,0.0,24.0,31.689217659161056,38.35694585162087,70.83824977643573,595.2159181213168,daily_expanded_diurnal
171,171,0.0,24.0,30.908304591226106,37.658324781329654,72.80859184977596,588.3498694024287,daily_expanded_diurnal
172,172,0.0,24.0,30.28154619142066,36.58977991103798,72.12747158571807,628.9472378427295,daily_expanded_diurnal
173,173,0.0,24.0,30.266496279611562,36.59590620952536,71.4131055413937,594.2494954382845,daily_expanded_diurnal
174,174,0.0,24.0,30.965944266835248,36.56355292396518,69.36890974425582,583.6829165978099,daily_expanded_diurnal
175,175,0.0,24.0,29.32107644159546,35.43249680514603,69.4275918074929,595.4571971259714,daily_expanded_diurnal
176,176,0.0,24.0,31.026413061617667,37.42337715377264,69.43000644771416,598.4697644646204,daily_expanded_diurnal
177,177,0.0,24.0,30.98053461062695,37.08280905083203,69.90229035826326,610.8909080817429,daily_expanded_diurnal
178,178,0.0,24.0,30.32854358554133,37.07742273572624,71.92596047995217,613.8457757717123,daily_expanded_diurnal
179,179,0.0,24.0,29.902487518920772,36.384324754595646,71.7596275730105,575.5687516897567,daily_expanded_diurnal
180,180,0.0,24.0,29.61635933815672,36.3736753376151,71.7047284879637,579.4965198620262,daily_expanded_diurnal
181,181,0.0,24.0,30.32544388121281,37.255573649098274,68.06858846703771,570.046390865618,daily_expanded_diurnal
182,182,0.0,24.0,29.884895746872207,36.943757121530304,73.41640807632186,615.3440297432721,daily_expanded_diurnal
183,183,0.0,24.0,29.746442765246293,35.76804895260632,73.96570500651993,601.1631715527565,daily_expanded_diurnal
184,184,0.0,24.0,30.558464365123378,36.94741179470055,73.84281715042356,603.1415463617867,daily_expanded_diurnal
185,185,0.0,24.0,30.637947464204018,37.41892807192539,70.26078235558322,554.9967543881556,daily_expanded_diurnal
186,186,0.0,24.0,30.71231274604233,37.6393094578832,71.67075806278034,562.6898620409268,daily_expanded_diurnal
187,187,0.0,24.0,30.22075234758094,37.03829346096738,77.51608934928008,610.13845425195,daily_expanded_diurnal
188,188,0.0,24.0,29.94260200459282,36.02342648143982,74.1500556350682,593.7346348185532,daily_expanded_diurnal
189,189,0.0,24.0,29.575595016809604,36.82561877210058,77.90103803075728,622.3298289599996,daily_expanded_diurnal
190,190,0.0,24.0,29.57482902120498,36.33937912094214,75.81073733234847,608.3302027004291,daily_expanded_diurnal
191,191,0.0,24.0,30.609682924035674,37.27797309626582,76.20947188813338,612.0693689444831,daily_expanded_diurnal
192,192,0.0,24.0,30.102327820659937,35.794205388217414,75.09176142845529,588.04088626156,daily_expanded_diurnal
193,193,0.0,24.0,29.236594900521805,36.30540744479911,78.57464496426559,626.1641610427071,daily_expanded_diurnal
194,194,0.0,24.0,29.94622320816578,36.872909339836475,75.32989786955865,602.83227331313,daily_expanded_diurnal
195,195,0.0,24.0,29.21151694930355,35.74668891019218,75.61264676262354,572.5014343867988,daily_expanded_diurnal
196,196,0.0,24.0,29.66984311493965,36.00385823453826,79.2699716675159,616.1984788871218,daily_expanded_diurnal
197,197,0.0,24.0,29.635924940467895,36.09047356787535,75.94308533064708,593.9972726585721,daily_expanded_diurnal
198,198,0.0,24.0,29.02134001792004,35.30467820297963,74.53905883115475,572.7722052199008,daily_expanded_diurnal
199,199,0.0,24.0,29.748126810939205,36.23671865885674,72.63116629271217,595.0294310219357,daily_expanded_diurnal
200,200,0.0,24.0,29.91796052871178,36.66166833023061,78.42626081294893,597.9476616961143,daily_expanded_diurnal
201,201,0.0,24.0,28.92283420439932,34.796914151520085,77.23043221275978,604.4229612857998,daily_expanded_diurnal
202,202,0.0,24.0,29.911944708251735,36.64664976046344,76.4399804529993,571.6029199137403,daily_expanded_diurnal
203,203,0.0,24.0,29.029346229242993,35.39772196179194,76.46001836057285,584.5605720264699,daily_expanded_diurnal
204,204,0.0,24.0,29.233683923662518,35.29997441312787,75.7642841551694,601.9606946810644,daily_expanded_diurnal
205,205,0.0,24.0,28.822333024703134,35.17386299942243,77.71949393081465,572.5380375460708,daily_expanded_diurnal
206,206,0.0,24.0,28.69656722658248,35.51120930063493,74.99798927406763,552.5703339319618,daily_expanded_diurnal
207,207,0.0,24.0,27.91791988639199,34.15437094219153,77.5293939515525,592.1098682679119,daily_expanded_diurnal
208,208,0.0,24.0,29.365414431352754,34.50600057759299,78.40114383337882,625.2314016941635,daily_expanded_diurnal
209,209,0.0,24.0,28.101755391597685,34.14410708255565,76.24147253845567,575.6381928715546,daily_expanded_diurnal
210,210,0.0,24.0,28.40771769319691,35.15718658928879,81.55623272511208,586.3107646564624,daily_expanded_diurnal
211,211,0.0,24.0,29.4264864793356,35.60304313218001,81.51922737434612,590.650007469807,daily_expanded_diurnal
212,212,0.0,24.0,28.440526428137957,34.732549136380904,84.49608293589871,609.0101572529118,daily_expanded_diurnal
213,213,0.0,24.0,27.920369182812344,34.4369685722207,77.53734757498178,581.6399807556895,daily_expanded_diurnal
214,214,0.0,24.0,28.62529877758342,34.74956602896478,78.93687202591684,591.1473415783431,daily_expanded_diurnal
215,215,0.0,24.0,28.234309550081104,34.4986322401853,74.62052917937281,603.6138993402659,daily_expanded_diurnal
216,216,0.0,24.0,27.468082513168508,32.96767822945869,78.48838470432217,591.3590743131132,daily_expanded_diurnal
217,217,0.0,24.0,27.503499408678458,33.894287566906414,76.02756949003819,580.9198316725253,daily_expanded_diurnal
218,218,0.0,24.0,27.4470939745163,33.468380906711026,79.372297885044,568.2623901651406,daily_expanded_diurnal
219,219,0.0,24.0,27.98910202402126,34.03546308557067,75.12923274706414,548.5923002658477,daily_expanded_diurnal
220,220,0.0,24.0,27.506415131457146,33.4201240006629,78.8007182051946,586.5307458724385,daily_expanded_diurnal
221,221,0.0,24.0,27.50918713463686,33.870981514389804,76.87563106729331,562.9596649987698,daily_expanded_diurnal
222,222,0.0,24.0,26.73183049018538,32.81047922690771,81.67384056870003,577.0634970828149,daily_expanded_diurnal
223,223,0.0,24.0,25.908015409282683,31.169562486132286,77.59977429883529,573.8094367355695,daily_expanded_diurnal
224,224,0.0,24.0,26.833367086042585,32.77172643517994,78.72002973723369,605.2071287847259,daily_expanded_diurnal
225,225,0.0,24.0,26.57660791618362,32.134116827230784,80.37469783512543,552.7464658072089,daily_expanded_diurnal
226,226,0.0,24.0,26.984913123292262,32.90761227522148,79.19121408498648,614.4465049024801,daily_expanded_diurnal
227,227,0.0,24.0,26.35284668849156,33.03762435855768,79.10009592931641,556.3450919953946,daily_expanded_diurnal
228,228,0.0,24.0,26.571263152189,31.98014896567676,78.10799513195931,589.0133465485833,daily_expanded_diurnal
229,229,0.0,24.0,26.68495499119092,32.25394856890019,81.64253541267766,603.3929770895813,daily_expanded_diurnal
230,230,0.0,24.0,26.994721311739045,33.002581746832234,82.44645447824554,541.7799379553672,daily_expanded_diurnal
231,231,0.0,24.0,25.985608244828445,31.412899728822854,80.00555897353617,567.1030126623987,daily_expanded_diurnal
232,232,0.0,24.0,25.928097400037114,32.432830072287395,79.47080204306903,585.9270038673583,daily_expanded_diurnal
233,233,0.0,24.0,25.760319699016094,31.520014074861862,79.86102078718243,585.7199345201221,daily_expanded_diurnal
234,234,0.0,24.0,26.32308933683836,32.688786197390485,80.50257330508732,587.6298883018832,daily_expanded_diurnal
235,235,0.0,24.0,25.027727986983344,30.676437330279782,81.79384753317646,592.2270901814039,daily_expanded_diurnal
236,236,0.0,24.0,25.57047392555198,31.585809685904902,80.92031836019532,597.9659478489136,daily_expanded_diurnal
237,237,0.0,24.0,25.469682638204542,30.96490382193046,80.63155711048837,514.3834490978317,daily_expanded_diurnal
238,238,0.0,24.0,25.375646497533115,29.530315305670634,76.52960450252263,581.049702676193,daily_expanded_diurnal
239,239,0.0,24.0,25.2810771585416,30.406491061470327,78.56454608483739,598.4276972581235,daily_expanded_diurnal
240,240,0.0,24.0,24.65735662104935,31.12108669381649,79.99268782334568,578.1637745310093,daily_expanded_diurnal
241,241,0.0,24.0,25.563860775817215,31.158842218389236,77.99517313466124,566.778377252175,daily_expanded_diurnal
242,242,0.0,24.0,24.592705445941554,29.56522725406703,79.48708573713941,553.0827377973817,daily_expanded_diurnal
243,243,0.0,24.0,24.92685521861449,30.43481269162539,79.42760271201523,564.7404500699477,daily_expanded_diurnal
244,244,0.0,24.0,24.429524377625526,30.145910618905177,77.98377127643674,544.9537793600525,daily_expanded_diurnal
245,245,0.0,24.0,24.72275498116268,30.00288946119102,77.13507322778713,573.5672437566128,daily_expanded_diurnal
246,246,0.0,24.0,24.253760979809286,29.061820889705427,80.40884695723976,578.2922042860242,daily_expanded_diurnal
247,247,0.0,24.0,24.060182660405196,29.708473493001765,77.11804147032896,569.0750759818059,daily_expanded_diurnal
248,248,0.0,24.0,23.571889744593197,28.749306951824742,81.63996395785067,590.8977545517504,daily_expanded_diurnal
249,249,0.0,24.0,24.469936059375687,30.341317713323967,79.64724259664146,567.2090046691465,daily_expanded_diurnal
250,250,0.0,24.0,23.805099674850286,29.173852227729764,80.0916922293082,575.4564324921829,daily_expanded_diurnal
251,251,0.0,24.0,23.24041468512922,28.24370924527012,78.96027611778574,570.4708641461268,daily_expanded_diurnal
252,252,0.0,24.0,23.11939591713004,28.525129786465715,81.08405676410412,549.0917204230252,daily_expanded_diurnal
253,253,0.0,24.0,23.343387198261556,28.73913475905269,77.2245792008594,584.2152341493285,daily_expanded_diurnal
254,254,0.0,24.0,22.561820400400418,27.118481058506156,77.55007084031293,533.7136096479126,daily_expanded_diurnal
255,255,0.0,24.0,22.684820256402,27.768402320362377,78.90810901415473,565.2788040614898,daily_expanded_diurnal
256,256,0.0,24.0,22.674868744691608,27.968776403631864,80.33872366001835,563.942679940281,daily_expanded_diurnal
257,257,0.0,24.0,21.29685407746607,26.292883901286082,75.09163809948329,551.0614705796249,daily_expanded_diurnal
258,258,0.0,24.0,22.194161826988996,27.728454455755063,81.75603604025169,553.1012169107013,daily_expanded_diurnal
259,259,0.0,24.0,21.791738957593687,27.07612331866067,78.24937967480805,547.7085611603273,daily_expanded_diurnal
260,260,0.0,24.0,22.38026825552116,27.221693066632184,80.83678097866758,559.9604911435247,daily_expanded_diurnal
261,261,0.0,24.0,21.25497005347879,26.68325536510645,80.53854984159932,547.1124805151471,daily_expanded_diurnal
262,262,0.0,24.0,21.196301242984372,25.865529330887178,77.97789504062543,554.5728996075993,daily_expanded_diurnal
263,263,0.0,24.0,20.94472444430111,26.119729343749057,76.4773479078129,538.2723350322076,daily_expanded_diurnal
264,264,0.0,24.0,21.32245791524281,27.30050997326638,76.10972952185566,570.4124445274383,daily_expanded_diurnal
265,265,0.0,24.0,21.187721109952868,26.352189877159255,79.00045021766732,548.4709884835453,daily_expanded_diurnal
266,266,0.0,24.0,20.881237951526856,26.46285802410984,77.7461271629638,560.8113983265871,daily_expanded_diurnal
267,267,0.0,24.0,20.48133812679232,25.457237388231803,76.40641193028983,545.8434963310892,daily_expanded_diurnal
268,268,0.0,24.0,21.37173223010847,26.34078975818013,78.04381796361582,513.0131634507904,daily_expanded_diurnal
269,269,0.0,24.0,20.380422609128598,24.743304905239988,76.49510386600474,538.3899766631791,daily_expanded_diurnal
270,270,0.0,24.0,21.000773001797473,27.124457346289276,77.02701288946123,561.0953916545307,daily_expanded_diurnal
271,271,0.0,24.0,20.309683467921953,25.249184409223403,78.94078368409214,532.1493392475774,daily_expanded_diurnal
272,272,0.0,24.0,20.08993474635946,24.926601481228793,75.15091260115098,498.5467243685489,daily_expanded_diurnal
273,273,0.0,24.0,20.208723170110552,25.098043134076267,76.62265474693507,528.0842681049068,daily_expanded_diurnal
274,274,0.0,24.0,20.12741011831563,25.19955569552619,76.366625987014,550.9217616397735,daily_expanded_diurnal
275,275,0.0,24.0,20.367904512532654,25.565727174661795,79.48620921396774,549.703781699188,daily_expanded_diurnal
276,276,0.0,24.0,19.992298626126747,25.237938296971798,78.59200707500841,533.7135181886745,daily_expanded_diurnal
277,277,0.0,24.0,18.728131538398063,24.0084208011419,74.53644282943564,505.8712027034157,daily_expanded_diurnal
278,278,0.0,24.0,19.77879309935198,25.114881164429658,80.0719957741859,514.7598646955082,daily_expanded_diurnal
279,279,0.0,24.0,18.40179950256867,23.305624623740535,77.14680555122038,520.1906790350366,daily_expanded_diurnal
280,280,0.0,24.0,19.39642486591694,24.251916695915565,77.48881676978657,497.2434230646913,daily_expanded_diurnal
281,281,0.0,24.0,18.907195270599466,23.90843869067372,75.12363394393657,510.6920673170726,daily_expanded_diurnal
282,282,0.0,24.0,18.443235786721615,23.33517373498678,80.0010116763935,511.82016925611373,daily_expanded_diurnal
283,283,0.0,24.0,18.26754113087473,22.428560747830673,74.50158770902118,506.8959217696183,daily_expanded_diurnal
284,284,0.0,24.0,17.90165008534377,23.45433312269489,75.7884546119365,536.282563295506,daily_expanded_diurnal
285,285,0.0,24.0,18.1314806301895,23.146371764758133,75.76577041587231,508.9340002549735,daily_expanded_diurnal
286,286,0.0,24.0,18.817085011616733,22.889240720916245,71.76206221626207,496.3272870278363,daily_expanded_diurnal
287,287,0.0,24.0,17.823060311628193,23.099102081533797,76.52992854766262,497.82676885260554,daily_expanded_diurnal
288,288,0.0,24.0,18.184518786894895,23.596596948155987,75.7673340658478,523.0743014405688,daily_expanded_diurnal
289,289,0.0,24.0,17.67165357256161,22.447060361848457,76.60723482015526,504.33147998035514,daily_expanded_diurnal
290,290,0.0,24.0,17.397509681801115,22.986691110676944,70.11921370612284,472.05233240303926,daily_expanded_diurnal
291,291,0.0,24.0,16.66602921774804,21.520724958720518,74.31812901860422,468.53515878472996,daily_expanded_diurnal
292,292,0.0,24.0,16.630966619866374,21.286629948456945,79.54566888270024,532.9811520280613,daily_expanded_diurnal
293,293,0.0,24.0,16.782948970145696,21.637515654022977,72.13303422456093,457.03746009894496,daily_expanded_diurnal
294,294,0.0,24.0,16.796998387653066,21.397857594355454,74.0595679361259,461.4389499952116,daily_expanded_diurnal
295,295,0.0,24.0,16.342442337387475,21.401893175508608,74.75678014394171,500.0248782476197,daily_expanded_diurnal
296,296,0.0,24.0,15.932591561055624,21.27446585310985,72.2163553911834,502.55447389469026,daily_expanded_diurnal
297,297,0.0,24.0,16.458377299999317,20.90782230036814,72.9741886094025,495.4161031331803,daily_expanded_diurnal
298,298,0.0,24.0,16.64253227909838,21.58613712012061,76.45739671735475,506.46032505489393,daily_expanded_diurnal
299,299,0.0,24.0,16.081605671167864,21.381654396022643,77.04619354848614,523.7109849002354,daily_expanded_diurnal
300,300,0.0,24.0,15.471383490564447,20.10077024610159,75.9307882958967,461.5168910237306,daily_expanded_diurnal
301,301,0.0,24.0,15.30116803368421,20.10669038140459,73.58138928418695,478.80596770916566,daily_expanded_diurnal
302,302,0.0,24.0,15.515852858434695,20.24616787374489,71.09395307286123,461.42540518078437,daily_expanded_diurnal
303,303,0.0,24.0,16.862324019508957,21.98132844798318,74.06760871543983,467.3861866006477,daily_expanded_diurnal
304,304,0.0,24.0,15.51061444652521,20.225192853977067,66.76397594526956,447.7502678244866,daily_expanded_diurnal
305,305,0.0,24.0,14.582115882088004,18.682202370907362,69.44788245403068,499.9430011276269,daily_expanded_diurnal
306,306,0.0,24.0,15.350821230854677,20.86704673578315,72.42974691905918,487.2193532914757,daily_expanded_diurnal
307,307,0.0,24.0,14.81002046036492,20.019600842041985,72.83243356769201,458.1505141842733,daily_expanded_diurnal
308,308,0.0,24.0,15.429517694343486,20.655992797773422,70.04123413997415,445.334508273046,daily_expanded_diurnal
309,309,0.0,24.0,14.44884361096721,19.483445827735792,71.55787388742564,450.0370511165545,daily_expanded_diurnal
310,310,0.0,24.0,14.947274683884661,20.175489498340056,71.90200090739008,495.01427577956446,daily_expanded_diurnal
311,311,0.0,24.0,15.467492318461659,20.06697574535904,73.79287838002256,451.43780534398843,daily_expanded_diurnal
312,312,0.0,24.0,15.24843495843914,20.275629608859578,69.35988593314707,423.9757588921251,daily_expanded_diurnal
313,313,0.0,24.0,14.539220229776939,18.915466935654692,71.8757257050535,488.5297512803929,daily_expanded_diurnal
314,314,0.0,24.0,14.127588133048288,19.248376430056,68.24582257002146,443.68039038965276,daily_expanded_diurnal
315,315,0.0,24.0,14.816398656224255,19.80098335148689,72.92998837296439,444.6537510790208,daily_expanded_diurnal
316,316,0.0,24.0,14.834022392193706,19.87298775737682,70.7950161474767,443.3958365573064,daily_expanded_diurnal
317,317,0.0,24.0,14.216901064335707,19.170701512616134,67.28286816122854,463.6136279931284,daily_expanded_diurnal
318,318,0.0,24.0,14.47628203977594,19.713703917738165,71.77926401504932,477.3844651888428,daily_expanded_diurnal
319,319,0.0,24.0,13.875339866560246,19.02456079393392,67.20738367494276,446.88295788319294,daily_expanded_diurnal
320,320,0.0,24.0,13.67679596067284,19.32482408432726,68.93021003228287,440.0664087389028,daily_expanded_diurnal
321,321,0.0,24.0,14.489567769750618,18.621321605832453,63.921888157173065,458.34790882706386,daily_expanded_diurnal
322,322,0.0,24.0,13.841334696310243,18.941513216414545,65.04370657924633,439.9637584654346,daily_expanded_diurnal
323,323,0.0,24.0,14.733475552751468,20.063155400669814,67.78151828436337,429.63795234199426,daily_expanded_diurnal
324,324,0.0,24.0,13.457356705681407,17.6056775500014,67.70226879564045,453.31274033732046,daily_expanded_diurnal
325,325,0.0,24.0,12.792080500652872,17.527513743730147,64.61629339732188,415.07370100235306,daily_expanded_diurnal
326,326,0.0,24.0,13.534224909745513,17.70046404775012,67.90342598353956,447.4292219548062,daily_expanded_diurnal
327,327,0.0,24.0,13.311895089367365,17.31961168537355,64.42521399525322,454.97545410514505,daily_expanded_diurnal
328,328,0.0,24.0,11.980800638713557,16.84179127383615,63.800795631567425,444.3681662656535,daily_expanded_diurnal
329,329,0.0,24.0,12.967001353080322,18.128582961374565,67.03411999882508,462.9548229586727,daily_expanded_diurnal
330,330,0.0,24.0,13.140276393627774,18.290694141476816,62.67522253681309,447.98647608424756,daily_expanded_diurnal
331,331,0.0,24.0,12.801129076226477,17.576827410591378,65.34278101370857,390.86292131335534,daily_expanded_diurnal
332,332,0.0,24.0,13.237869635122655,18.62485614429266,65.71497260032491,388.2797175162295,daily_expanded_diurnal
333,333,0.0,24.0,13.006163236176286,18.30297479736808,61.114917514737854,396.4942191071721,daily_expanded_diurnal
334,334,0.0,24.0,13.453421511526974,18.56145968520589,65.43666656084652,453.106269334468,daily_expanded_diurnal
335,335,0.0,24.0,13.199022169143557,18.46217737331683,69.7761575593687,409.562232617237,daily_expanded_diurnal
336,336,0.0,24.0,12.517929648516743,17.689048207815596,64.9747828982909,401.2212372813097,daily_expanded_diurnal
337,337,0.0,24.0,12.355341137336909,18.279278906172937,64.4928897522741,395.02248387344605,daily_expanded_diurnal
338,338,0.0,24.0,13.286730214062462,18.24307215343793,63.07618586010634,418.8218749959429,daily_expanded_diurnal
339,339,0.0,24.0,12.142618818667579,17.283669700234448,67.15102450863809,414.80393149498764,daily_expanded_diurnal
340,340,0.0,24.0,12.562830178446717,17.35998806627542,62.24809739152107,398.3009752989934,daily_expanded_diurnal
341,341,0.0,24.0,12.52700177792955,17.893526354359377,59.34659383978392,418.5161259753976,daily_expanded_diurnal
342,342,0.0,24.0,12.49363351261931,17.64441262689746,60.303918985520525,425.7408437853828,daily_expanded_diurnal
343,343,0.0,24.0,13.276478512266097,18.660314722566124,59.27399166252949,413.6390988821321,daily_expanded_diurnal
344,344,0.0,24.0,12.828894194143382,17.186785695290354,62.00131188555473,402.2323362120559,daily_expanded_diurnal
345,345,0.0,24.0,12.879939324820512,17.950843871600053,62.37964910209782,422.2955138904313,daily_expanded_diurnal
346,346,0.0,24.0,13.19299037901425,17.04616839750115,60.91053783686546,387.40873268375026,daily_expanded_diurnal
347,347,0.0,24.0,11.684639070229785,16.72231229352271,63.79218283760699,366.8458479742585,daily_expanded_diurnal
348,348,0.0,24.0,12.71225266943866,17.345923278520086,59.70119356172054,415.9976719133695,daily_expanded_diurnal
349,349,0.0,24.0,12.258790974156557,17.443675969760807,57.05410363988978,421.56604425621373,daily_expanded_diurnal
350,350,0.0,24.0,12.82007177536472,17.747071838304617,61.70040073089744,353.99065578418913,daily_expanded_diurnal
351,351,0.0,24.0,13.101347930611027,17.971754020412455,59.89525535586573,370.2188989255285,daily_expanded_diurnal
352,352,0.0,24.0,12.213757772440992,17.491626017092354,60.57068646684049,390.94971460848456,daily_expanded_diurnal
353,353,0.0,24.0,12.496352727364572,17.701632651795446,58.97811782208892,420.3700611900497,daily_expanded_diurnal
354,354,0.0,24.0,11.71611813415904,17.220493063584232,62.31010894049543,356.5910113349879,daily_expanded_diurnal
355,355,0.0,24.0,13.61672028745897,19.014916400637095,61.27665853558636,372.05164342487916,daily_expanded_diurnal
356,356,0.0,24.0,12.39813681973351,17.314373288917665,59.87720704279204,397.37034530904367,daily_expanded_diurnal
357,357,0.0,24.0,12.604738318530632,17.240160869275716,60.508514742535645,385.62362162847586,daily_expanded_diurnal
358,358,0.0,24.0,12.851405006250495,18.14960456886049,58.08313864014107,346.4735359988366,daily_expanded_diurnal
359,359,0.0,24.0,12.102632319354997,16.44844701997185,58.86611545783447,361.2359411412816,daily_expanded_diurnal
360,360,0.0,24.0,12.332044985689578,16.14979745595155,55.66676465798477,383.172371279196,daily_expanded_diurnal
361,361,0.0,24.0,12.237687115207043,17.38192378626978,55.151236524941524,387.3795125528712,daily_expanded_diurnal
362,362,0.0,24.0,12.518593714186485,17.6346098727799,62.35746897713302,386.78341206857135,daily_expanded_diurnal
363,363,0.0,24.0,12.460572207810594,17.22328413386245,56.830282775274306,364.50130400848934,daily_expanded_diurnal
364,364,0.0,24.0,12.587123582105733,17.429025924104344,60.1934266361803,349.86755138661545,daily_expanded_diurnal
365,365,0.0,24.0,13.818036314074176,18.854333339575046,60.60968606602046,357.1463884542125,daily_expanded_diurnal
